{
  "model": "ET",
  "oof_r2": 0.6138261804155929,
  "oof_mse": 1445.5055026702635,
  "oof_mae": 25.810281690984265,
  "mard_percent": 22.000994998661053,
  "yield_within_spec": 0.5553425970292286,
  "defects": 928,
  "total": 2087,
  "dpmo": 444657.40297077136,
  "sigma_short_term": 0.1391712760949158,
  "sigma_long_term": 1.6391712760949158
}