{
  "model": "ET",
  "oof_r2": 0.5761990001395751,
  "oof_mse": 1288.5091796755387,
  "oof_mae": 25.792613015913506,
  "mard_percent": 20.530455352221445,
  "yield_within_spec": 0.541029207232267,
  "defects": 1650,
  "total": 3595,
  "dpmo": 458970.792767733,
  "sigma_short_term": 0.10302694523769067,
  "sigma_long_term": 1.6030269452376906
}