{
  "model": "VotingEnsemble_Top3",
  "ensemble": true,
  "ensemble_type": "voting",
  "top_n_models": 3,
  "feature_engineering": true,
  "num_features": 32,
  "oof_r2": 0.5471374089057838,
  "oof_mse": 1372.0309508361906,
  "oof_mae": 26.872779701328533,
  "mard_percent": 21.421392714939465,
  "yield_within_spec": 0.516245487364621,
  "defects": 1742,
  "total": 3601,
  "dpmo": 483754.51263537904,
  "sigma_short_term": 0.04073265875567036,
  "sigma_long_term": 1.5407326587556704,
  "top_models": [
    {
      "name": "ET",
      "mse": 1334.5547817640695,
      "r2": 0.5595070679283753
    },
    {
      "name": "RF",
      "mse": 1434.80825847853,
      "r2": 0.5264166706574942
    },
    {
      "name": "HGB",
      "mse": 1482.385663003556,
      "r2": 0.5107129238304933
    }
  ]
}