{
  "model": "ET",
  "oof_r2": 0.6143127202421848,
  "oof_mse": 1444.7542111706152,
  "oof_mae": 25.69784142988379,
  "mard_percent": 22.11124920971341,
  "yield_within_spec": 0.5638195777351248,
  "defects": 909,
  "total": 2084,
  "dpmo": 436180.4222648752,
  "sigma_short_term": 0.16066044554872008,
  "sigma_long_term": 1.6606604455487202
}