{
  "model": "RF",
  "r2": 0.614231369765776,
  "mse": 1442.2812746297484,
  "mae": 25.47729855133761,
  "mard_percent": 21.62162240611219,
  "yield_within_spec": 0.5539568345323741,
  "defects": 186,
  "total": 417,
  "dpmo": 446043.1654676259,
  "sigma_short_term": 0.135664730411708,
  "sigma_long_term": 1.635664730411708
}