{
  "model": "ET",
  "oof_r2": 0.5835585898152398,
  "oof_mse": 1265.0336821460126,
  "oof_mae": 25.624934105873496,
  "mard_percent": 20.41895092947493,
  "yield_within_spec": 0.5423728813559322,
  "defects": 1647,
  "total": 3599,
  "dpmo": 457627.1186440678,
  "sigma_short_term": 0.10641355691565041,
  "sigma_long_term": 1.6064135569156504
}