{
  "model": "VotingEnsemble_Top3",
  "ensemble": true,
  "ensemble_type": "voting",
  "top_n_models": 3,
  "feature_engineering": true,
  "num_features": 32,
  "oof_r2": 0.5680536964313807,
  "oof_mse": 1305.7995925655846,
  "oof_mae": 26.141685589066963,
  "mard_percent": 20.657662491726818,
  "yield_within_spec": 0.5376731301939058,
  "defects": 1669,
  "total": 3610,
  "dpmo": 462326.86980609415,
  "sigma_short_term": 0.09457332348931068,
  "sigma_long_term": 1.5945733234893107,
  "top_models": [
    {
      "name": "ET",
      "mse": 1288.3925670398633,
      "r2": 0.5738117778205678
    },
    {
      "name": "CatBoost",
      "mse": 1394.6395375808618,
      "r2": 0.5386662727585088
    },
    {
      "name": "XGB",
      "mse": 1421.7112823554528,
      "r2": 0.5297111925508617
    }
  ]
}