{
  "model": "VotingEnsemble_Top3",
  "ensemble": true,
  "ensemble_type": "voting",
  "top_n_models": 3,
  "feature_engineering": true,
  "num_features": 32,
  "oof_r2": 0.5764531091024354,
  "oof_mse": 1284.6309802388007,
  "oof_mae": 26.008616540282926,
  "mard_percent": 20.665088466795055,
  "yield_within_spec": 0.5368421052631579,
  "defects": 1672,
  "total": 3610,
  "dpmo": 463157.8947368421,
  "sigma_short_term": 0.09248112190533554,
  "sigma_long_term": 1.5924811219053356,
  "top_models": [
    {
      "name": "ET",
      "mse": 1276.1458911387035,
      "r2": 0.579250669773646
    },
    {
      "name": "XGB",
      "mse": 1359.4272126280111,
      "r2": 0.5517925550860493
    },
    {
      "name": "CatBoost",
      "mse": 1379.7223848013243,
      "r2": 0.5451011727307524
    }
  ]
}