{
  "model": "VotingEnsemble_Top3",
  "ensemble": true,
  "ensemble_type": "voting",
  "top_n_models": 3,
  "feature_engineering": true,
  "num_features": 32,
  "oof_r2": 0.5785117850140129,
  "oof_mse": 1280.3644775583512,
  "oof_mae": 25.781461926241757,
  "mard_percent": 20.465599864710754,
  "yield_within_spec": 0.5443178660739094,
  "defects": 1640,
  "total": 3599,
  "dpmo": 455682.1339260906,
  "sigma_short_term": 0.11131789195767083,
  "sigma_long_term": 1.611317891957671,
  "top_models": [
    {
      "name": "ET",
      "mse": 1276.2600122006133,
      "r2": 0.5798629500981956
    },
    {
      "name": "XGB",
      "mse": 1375.517430103331,
      "r2": 0.5471880105562026
    },
    {
      "name": "LGBM",
      "mse": 1378.6946971820284,
      "r2": 0.5461420735179556
    }
  ]
}