models, R2, MSE, MAE, MARD, Sigma Level
1,0.485729523,1020.840155,25.26116997,21.24782905,0.425909289
2,0.5180864518381101,863,23,18,0.46
CGM Benchmark,0.94,6.2,2.1,10.5,3
