models, R2, MSE, MAE, MARD, Sigma Level
1,0.485729523,1020.840155,25.26116997,21.24782905,0.425909289
2,0.9226470739556125,325.7691062779579,11.267931292729443,9.074641240354364,0.8283459549506077
CGM Benchmark,0.94,6.2,2.1,10.5,3
